"LineNumber","Line","Path"
"130","        env.events().publish((symbol_short!(""RndStart""),), id);","C:\Users\EMMA\Desktop\uzima\contracts\ai_analytics\src\lib.rs"
"173","            .publish((symbol_short!(""UpdSubmit""),), (round_id, participant));","C:\Users\EMMA\Desktop\uzima\contracts\ai_analytics\src\lib.rs"
"224","            .publish((symbol_short!(""RndFinal""),), (round_id, new_model_id));","C:\Users\EMMA\Desktop\uzima\contracts\ai_analytics\src\lib.rs"
"84","const ANOMALY_COUNTER: Symbol = symbol_short!(""ANOM_CT"");","C:\Users\EMMA\Desktop\uzima\contracts\anomaly_detection\src\lib.rs"
"205","        env.events().publish((symbol_short!(""CfgUpdate""),), true);","C:\Users\EMMA\Desktop\uzima\contracts\anomaly_detection\src\lib.rs"
"328","                &symbol_short!(""log_event""),","C:\Users\EMMA\Desktop\uzima\contracts\anomaly_detection\src\lib.rs"
"342","            (symbol_short!(""AnomDet""),),","C:\Users\EMMA\Desktop\uzima\contracts\anomaly_detection\src\lib.rs"
"390","            .publish((symbol_short!(""DetectWL""),), detector_addr);","C:\Users\EMMA\Desktop\uzima\contracts\anomaly_detection\src\lib.rs"
"446","            .publish((symbol_short!(""AlertCrt""),), (alert_id, anomaly_id));","C:\Users\EMMA\Desktop\uzima\contracts\anomaly_detection\src\lib.rs"
"472","        env.events().publish((symbol_short!(""AlertAck""),), alert_id);","C:\Users\EMMA\Desktop\uzima\contracts\anomaly_detection\src\lib.rs"
"503","        env.events().publish((symbol_short!(""AlertRes""),), alert_id);","C:\Users\EMMA\Desktop\uzima\contracts\anomaly_detection\src\lib.rs"
"533","            (symbol_short!(""FalsePos""),),","C:\Users\EMMA\Desktop\uzima\contracts\anomaly_detection\src\lib.rs"
"567","            (symbol_short!(""Feedback""),),","C:\Users\EMMA\Desktop\uzima\contracts\anomaly_detection\src\lib.rs"
"208","        env.events().publish((symbol_short!(""Init""),), admin);","C:\Users\EMMA\Desktop\uzima\contracts\anomaly_detector\src\lib.rs"
"219","            .publish((symbol_short!(""ValAdded""),), validator);","C:\Users\EMMA\Desktop\uzima\contracts\anomaly_detector\src\lib.rs"
"229","        env.events().publish((symbol_short!(""ValRmvd""),), validator);","C:\Users\EMMA\Desktop\uzima\contracts\anomaly_detector\src\lib.rs"
"237","        env.events().publish((symbol_short!(""Paused""),), caller);","C:\Users\EMMA\Desktop\uzima\contracts\anomaly_detector\src\lib.rs"
"245","        env.events().publish((symbol_short!(""Unpaused""),), caller);","C:\Users\EMMA\Desktop\uzima\contracts\anomaly_detector\src\lib.rs"
"302","        env.events().publish((symbol_short!(""MdlReg""),), model_id);","C:\Users\EMMA\Desktop\uzima\contracts\anomaly_detector\src\lib.rs"
"355","            .publish((symbol_short!(""WgtUpd""),), (model_id, feature_index));","C:\Users\EMMA\Desktop\uzima\contracts\anomaly_detector\src\lib.rs"
"427","            (symbol_short!(""Infer""),),","C:\Users\EMMA\Desktop\uzima\contracts\anomaly_detector\src\lib.rs"
"527","            (symbol_short!(""PrescAnm""),),","C:\Users\EMMA\Desktop\uzima\contracts\anomaly_detector\src\lib.rs"
"627","            (symbol_short!(""AccAnm""),),","C:\Users\EMMA\Desktop\uzima\contracts\anomaly_detector\src\lib.rs"
"675","            (symbol_short!(""AlertCrt""),),","C:\Users\EMMA\Desktop\uzima\contracts\anomaly_detector\src\lib.rs"
"704","            .publish((symbol_short!(""AlertAck""),), (alert_id, caller));","C:\Users\EMMA\Desktop\uzima\contracts\anomaly_detector\src\lib.rs"
"737","            (symbol_short!(""AlertRes""),),","C:\Users\EMMA\Desktop\uzima\contracts\anomaly_detector\src\lib.rs"
"768","            .publish((symbol_short!(""FalsePos""),), (alert_id, caller));","C:\Users\EMMA\Desktop\uzima\contracts\anomaly_detector\src\lib.rs"
"831","            (symbol_short!(""Feedback""),),","C:\Users\EMMA\Desktop\uzima\contracts\anomaly_detector\src\lib.rs"
"868","            (symbol_short!(""FedUpd""),),","C:\Users\EMMA\Desktop\uzima\contracts\anomaly_detector\src\lib.rs"
"127","            (symbol_short!(""AUDIT""), symbol_short!(""LOG"")),","C:\Users\EMMA\Desktop\uzima\contracts\audit_forensics\src\lib.rs"
"212","            AuditAction::RecordAccess => symbol_short!(""THR_ACC""),","C:\Users\EMMA\Desktop\uzima\contracts\audit_forensics\src\lib.rs"
"213","            AuditAction::RecordUpdate => symbol_short!(""THR_UPD""),","C:\Users\EMMA\Desktop\uzima\contracts\audit_forensics\src\lib.rs"
"214","            AuditAction::RecordDelete => symbol_short!(""THR_DEL""),","C:\Users\EMMA\Desktop\uzima\contracts\audit_forensics\src\lib.rs"
"215","            AuditAction::AnomalyDetected => symbol_short!(""THR_ANOM""),","C:\Users\EMMA\Desktop\uzima\contracts\audit_forensics\src\lib.rs"
"258","            (symbol_short!(""AUDIT""), symbol_short!(""COMPRESS"")),","C:\Users\EMMA\Desktop\uzima\contracts\audit_forensics\src\lib.rs"
"271","            (symbol_short!(""AUDIT""), symbol_short!(""ARCHIVE"")),","C:\Users\EMMA\Desktop\uzima\contracts\audit_forensics\src\lib.rs"
"286","            (symbol_short!(""AUDIT""), symbol_short!(""XCSYNC"")),","C:\Users\EMMA\Desktop\uzima\contracts\audit_forensics\src\lib.rs"
"303","            (symbol_short!(""AUDIT""), symbol_short!(""SHARE"")),","C:\Users\EMMA\Desktop\uzima\contracts\audit_forensics\src\lib.rs"
"313","            AuditAction::RecordAccess => Some(symbol_short!(""THR_ACC"")),","C:\Users\EMMA\Desktop\uzima\contracts\audit_forensics\src\lib.rs"
"314","            AuditAction::RecordUpdate => Some(symbol_short!(""THR_UPD"")),","C:\Users\EMMA\Desktop\uzima\contracts\audit_forensics\src\lib.rs"
"315","            AuditAction::RecordDelete => Some(symbol_short!(""THR_DEL"")),","C:\Users\EMMA\Desktop\uzima\contracts\audit_forensics\src\lib.rs"
"316","            AuditAction::AnomalyDetected => Some(symbol_short!(""THR_ANOM"")),","C:\Users\EMMA\Desktop\uzima\contracts\audit_forensics\src\lib.rs"
"349","                            .publish((symbol_short!(""ALERT""), k), (action, count));","C:\Users\EMMA\Desktop\uzima\contracts\audit_forensics\src\lib.rs"
"53","            .publish((symbol_short!(""CREDREG""), symbol_short!(""INIT"")), admin);","C:\Users\EMMA\Desktop\uzima\contracts\credential_registry\src\lib.rs"
"71","            (symbol_short!(""CREDREG""), symbol_short!(""IADMIN"")),","C:\Users\EMMA\Desktop\uzima\contracts\credential_registry\src\lib.rs"
"119","            (symbol_short!(""CREDREG""), symbol_short!(""ROOT"")),","C:\Users\EMMA\Desktop\uzima\contracts\credential_registry\src\lib.rs"
"159","            .publish((symbol_short!(""CREDREG""), symbol_short!(""REVOKE"")), version);","C:\Users\EMMA\Desktop\uzima\contracts\credential_registry\src\lib.rs"
"177","            .publish((symbol_short!(""CREDREG""), symbol_short!(""REVROOT"")), issuer);","C:\Users\EMMA\Desktop\uzima\contracts\credential_registry\src\lib.rs"
"1000","            (symbol_short!(""Paused""),),","C:\Users\EMMA\Desktop\uzima\contracts\cross_chain_access\src\lib.rs"
"1014","            (symbol_short!(""Unpaused""),),","C:\Users\EMMA\Desktop\uzima\contracts\cross_chain_access\src\lib.rs"
"312","            (symbol_short!(""Paused""),),","C:\Users\EMMA\Desktop\uzima\contracts\cross_chain_identity\src\lib.rs"
"326","            (symbol_short!(""Unpaused""),),","C:\Users\EMMA\Desktop\uzima\contracts\cross_chain_identity\src\lib.rs"
"102","const INIT: Symbol = symbol_short!(""INIT"");","C:\Users\EMMA\Desktop\uzima\contracts\crypto_registry\src\lib.rs"
"142","            .publish((symbol_short!(""crypto""), symbol_short!(""init"")), admin);","C:\Users\EMMA\Desktop\uzima\contracts\crypto_registry\src\lib.rs"
"212","            (symbol_short!(""crypto""), symbol_short!(""bundle"")),","C:\Users\EMMA\Desktop\uzima\contracts\crypto_registry\src\lib.rs"
"237","            (symbol_short!(""crypto""), symbol_short!(""revoke"")),","C:\Users\EMMA\Desktop\uzima\contracts\crypto_registry\src\lib.rs"
"21","            .set(&symbol_short!(""arbiters""), &arbiters);","C:\Users\EMMA\Desktop\uzima\contracts\dispute_resolution\src\lib.rs"
"33","            .get(&symbol_short!(""disputes""))","C:\Users\EMMA\Desktop\uzima\contracts\dispute_resolution\src\lib.rs"
"38","            .set(&symbol_short!(""disputes""), &disputes);","C:\Users\EMMA\Desktop\uzima\contracts\dispute_resolution\src\lib.rs"
"53","            .get(&symbol_short!(""arbiters""))","C:\Users\EMMA\Desktop\uzima\contracts\dispute_resolution\src\lib.rs"
"62","            .get(&symbol_short!(""disputes""))","C:\Users\EMMA\Desktop\uzima\contracts\dispute_resolution\src\lib.rs"
"73","            .set(&symbol_short!(""disputes""), &disputes);","C:\Users\EMMA\Desktop\uzima\contracts\dispute_resolution\src\lib.rs"
"81","            .get(&symbol_short!(""disputes""))","C:\Users\EMMA\Desktop\uzima\contracts\dispute_resolution\src\lib.rs"
"139","const ADMIN: Symbol = symbol_short!(""ADMIN"");","C:\Users\EMMA\Desktop\uzima\contracts\emr_integration\src\lib.rs"
"140","const EMR_SYSTEMS: Symbol = symbol_short!(""EMR_SYS"");","C:\Users\EMMA\Desktop\uzima\contracts\emr_integration\src\lib.rs"
"141","const PROVIDER_ONBOARDING: Symbol = symbol_short!(""ONBOARD"");","C:\Users\EMMA\Desktop\uzima\contracts\emr_integration\src\lib.rs"
"142","const PROVIDER_VERIFICATION: Symbol = symbol_short!(""VERIFY"");","C:\Users\EMMA\Desktop\uzima\contracts\emr_integration\src\lib.rs"
"143","const NETWORK_NODES: Symbol = symbol_short!(""NODES"");","C:\Users\EMMA\Desktop\uzima\contracts\emr_integration\src\lib.rs"
"144","const INTEROP_AGREEMENTS: Symbol = symbol_short!(""AGREE"");","C:\Users\EMMA\Desktop\uzima\contracts\emr_integration\src\lib.rs"
"145","const INTEROP_TESTS: Symbol = symbol_short!(""TESTS"");","C:\Users\EMMA\Desktop\uzima\contracts\emr_integration\src\lib.rs"
"146","const PAUSED: Symbol = symbol_short!(""PAUSED"");","C:\Users\EMMA\Desktop\uzima\contracts\emr_integration\src\lib.rs"
"147","const FHIR_CONTRACT: Symbol = symbol_short!(""FHIR"");","C:\Users\EMMA\Desktop\uzima\contracts\emr_integration\src\lib.rs"
"48","const ESCROWS: Symbol = symbol_short!(""escrow"");","C:\Users\EMMA\Desktop\uzima\contracts\escrow\src\lib.rs"
"49","const FEE_CONF: Symbol = symbol_short!(""feeconf"");","C:\Users\EMMA\Desktop\uzima\contracts\escrow\src\lib.rs"
"50","const REENTRANCY_LOCK: Symbol = symbol_short!(""relock"");","C:\Users\EMMA\Desktop\uzima\contracts\escrow\src\lib.rs"
"51","const CREDITS: Symbol = symbol_short!(""credits"");","C:\Users\EMMA\Desktop\uzima\contracts\escrow\src\lib.rs"
"145","        let topics = (symbol_short!(""EscNew""), order_id);","C:\Users\EMMA\Desktop\uzima\contracts\escrow\src\lib.rs"
"161","            .publish((symbol_short!(""EscDisput""), order_id), ());","C:\Users\EMMA\Desktop\uzima\contracts\escrow\src\lib.rs"
"220","            (symbol_short!(""EscRel""), order_id),","C:\Users\EMMA\Desktop\uzima\contracts\escrow\src\lib.rs"
"257","            (symbol_short!(""EscRefund""), order_id),","C:\Users\EMMA\Desktop\uzima\contracts\escrow\src\lib.rs"
"296","            .publish((symbol_short!(""Withdrawn""),), (to.clone(), amount, token));","C:\Users\EMMA\Desktop\uzima\contracts\escrow\src\lib.rs"
"81","const ADMIN: Symbol = symbol_short!(""ADMIN"");","C:\Users\EMMA\Desktop\uzima\contracts\explainable_ai\src\lib.rs"
"82","const REQUEST_COUNTER: Symbol = symbol_short!(""REQ_CNT"");","C:\Users\EMMA\Desktop\uzima\contracts\explainable_ai\src\lib.rs"
"83","const EXPLANATION_COUNTER: Symbol = symbol_short!(""EXP_CNT"");","C:\Users\EMMA\Desktop\uzima\contracts\explainable_ai\src\lib.rs"
"84","const AUDIT_COUNTER: Symbol = symbol_short!(""AUD_CNT"");","C:\Users\EMMA\Desktop\uzima\contracts\explainable_ai\src\lib.rs"
"179","            (symbol_short!(""ExpReq""),),","C:\Users\EMMA\Desktop\uzima\contracts\explainable_ai\src\lib.rs"
"252","            (symbol_short!(""ExpFull""),),","C:\Users\EMMA\Desktop\uzima\contracts\explainable_ai\src\lib.rs"
"322","            .publish((symbol_short!(""BiasAudit""),), (audit_id, model_id));","C:\Users\EMMA\Desktop\uzima\contracts\explainable_ai\src\lib.rs"
"163","        env.events().publish((symbol_short!(""RndStart""),), id);","C:\Users\EMMA\Desktop\uzima\contracts\federated_learning\src\lib.rs"
"228","            .publish((symbol_short!(""UpdSubmit""),), (round_id, participant));","C:\Users\EMMA\Desktop\uzima\contracts\federated_learning\src\lib.rs"
"279","            .publish((symbol_short!(""RndFinal""),), (round_id, new_model_id));","C:\Users\EMMA\Desktop\uzima\contracts\federated_learning\src\lib.rs"
"211","const PROVIDERS: Symbol = symbol_short!(""PROVIDERS"");","C:\Users\EMMA\Desktop\uzima\contracts\fhir_integration\src\lib.rs"
"212","const OBSERVATIONS: Symbol = symbol_short!(""OBSERVE"");","C:\Users\EMMA\Desktop\uzima\contracts\fhir_integration\src\lib.rs"
"213","const CONDITIONS: Symbol = symbol_short!(""CONDITION"");","C:\Users\EMMA\Desktop\uzima\contracts\fhir_integration\src\lib.rs"
"214","const MEDICATIONS: Symbol = symbol_short!(""MEDICATE"");","C:\Users\EMMA\Desktop\uzima\contracts\fhir_integration\src\lib.rs"
"215","const PROCEDURES: Symbol = symbol_short!(""PROCEDURE"");","C:\Users\EMMA\Desktop\uzima\contracts\fhir_integration\src\lib.rs"
"216","const ALLERGIES: Symbol = symbol_short!(""ALLERGIES"");","C:\Users\EMMA\Desktop\uzima\contracts\fhir_integration\src\lib.rs"
"217","const BUNDLES: Symbol = symbol_short!(""BUNDLES"");","C:\Users\EMMA\Desktop\uzima\contracts\fhir_integration\src\lib.rs"
"218","const EMR_CONFIG: Symbol = symbol_short!(""EMR_CFG"");","C:\Users\EMMA\Desktop\uzima\contracts\fhir_integration\src\lib.rs"
"219","const DATA_MAPPINGS: Symbol = symbol_short!(""MAPPINGS"");","C:\Users\EMMA\Desktop\uzima\contracts\fhir_integration\src\lib.rs"
"220","const ADMIN: Symbol = symbol_short!(""ADMIN"");","C:\Users\EMMA\Desktop\uzima\contracts\fhir_integration\src\lib.rs"
"221","const MEDICAL_RECORD_CONTRACT: Symbol = symbol_short!(""MED_REC"");","C:\Users\EMMA\Desktop\uzima\contracts\fhir_integration\src\lib.rs"
"222","const PROVIDER_COUNT: Symbol = symbol_short!(""PROV_CNT"");","C:\Users\EMMA\Desktop\uzima\contracts\fhir_integration\src\lib.rs"
"223","const PAUSED: Symbol = symbol_short!(""PAUSED"");","C:\Users\EMMA\Desktop\uzima\contracts\fhir_integration\src\lib.rs"
"62","const CFG: Symbol = symbol_short!(""cfg"");","C:\Users\EMMA\Desktop\uzima\contracts\governor\src\lib.rs"
"63","const PROPS: Symbol = symbol_short!(""props"");","C:\Users\EMMA\Desktop\uzima\contracts\governor\src\lib.rs"
"64","const P_COUNT: Symbol = symbol_short!(""p_count"");","C:\Users\EMMA\Desktop\uzima\contracts\governor\src\lib.rs"
"65","const VOTES: Symbol = symbol_short!(""votes"");","C:\Users\EMMA\Desktop\uzima\contracts\governor\src\lib.rs"
"160","            .publish((symbol_short!(""Propose""), id), proposer);","C:\Users\EMMA\Desktop\uzima\contracts\governor\src\lib.rs"
"219","            (symbol_short!(""Vote""), proposal_id),","C:\Users\EMMA\Desktop\uzima\contracts\governor\src\lib.rs"
"289","            .publish((symbol_short!(""Queue""), proposal_id), ());","C:\Users\EMMA\Desktop\uzima\contracts\governor\src\lib.rs"
"327","            .publish((symbol_short!(""Execute""), proposal_id), ());","C:\Users\EMMA\Desktop\uzima\contracts\governor\src\lib.rs"
"365","            let key = (symbol_short!(""bal""), user);","C:\Users\EMMA\Desktop\uzima\contracts\governor\src\lib.rs"
"371","            let key = (symbol_short!(""bal""), user);","C:\Users\EMMA\Desktop\uzima\contracts\governor\src\lib.rs"
"233","const ADMIN: Symbol = symbol_short!(""ADMIN"");","C:\Users\EMMA\Desktop\uzima\contracts\healthcare_compliance\src\lib.rs"
"234","const CONFIG: Symbol = symbol_short!(""CONFIG"");","C:\Users\EMMA\Desktop\uzima\contracts\healthcare_compliance\src\lib.rs"
"235","const CONSENTS: Symbol = symbol_short!(""CONSENTS"");","C:\Users\EMMA\Desktop\uzima\contracts\healthcare_compliance\src\lib.rs"
"236","const AUDIT_LOGS: Symbol = symbol_short!(""AUDITS"");","C:\Users\EMMA\Desktop\uzima\contracts\healthcare_compliance\src\lib.rs"
"237","const BREACH_REPORTS: Symbol = symbol_short!(""BREACHES"");","C:\Users\EMMA\Desktop\uzima\contracts\healthcare_compliance\src\lib.rs"
"238","const VIOLATION_REPORTS: Symbol = symbol_short!(""VIOLATE"");","C:\Users\EMMA\Desktop\uzima\contracts\healthcare_compliance\src\lib.rs"
"240","const RETENTION_POLICIES: Symbol = symbol_short!(""RETENTION"");","C:\Users\EMMA\Desktop\uzima\contracts\healthcare_compliance\src\lib.rs"
"241","const COMPLIANCE_SCORE: Symbol = symbol_short!(""SCORE"");","C:\Users\EMMA\Desktop\uzima\contracts\healthcare_compliance\src\lib.rs"
"242","const PAUSED: Symbol = symbol_short!(""PAUSED"");","C:\Users\EMMA\Desktop\uzima\contracts\healthcare_compliance\src\lib.rs"
"130","const ADMIN: Symbol = symbol_short!(""ADMIN"");","C:\Users\EMMA\Desktop\uzima\contracts\healthcare_data_conversion\src\lib.rs"
"131","const CONVERSION_RULES: Symbol = symbol_short!(""RULES"");","C:\Users\EMMA\Desktop\uzima\contracts\healthcare_data_conversion\src\lib.rs"
"132","const CODING_MAPPINGS: Symbol = symbol_short!(""CODINGS"");","C:\Users\EMMA\Desktop\uzima\contracts\healthcare_data_conversion\src\lib.rs"
"133","const FORMAT_SPECS: Symbol = symbol_short!(""FORMATS"");","C:\Users\EMMA\Desktop\uzima\contracts\healthcare_data_conversion\src\lib.rs"
"134","const CONVERSION_REQUESTS: Symbol = symbol_short!(""REQUESTS"");","C:\Users\EMMA\Desktop\uzima\contracts\healthcare_data_conversion\src\lib.rs"
"135","const VALIDATION_RESULTS: Symbol = symbol_short!(""VALIDATE"");","C:\Users\EMMA\Desktop\uzima\contracts\healthcare_data_conversion\src\lib.rs"
"136","const LOSSY_WARNINGS: Symbol = symbol_short!(""WARNINGS"");","C:\Users\EMMA\Desktop\uzima\contracts\healthcare_data_conversion\src\lib.rs"
"137","const PAUSED: Symbol = symbol_short!(""PAUSED"");","C:\Users\EMMA\Desktop\uzima\contracts\healthcare_data_conversion\src\lib.rs"
"139","const NEXT_CONVERSION_ID: Symbol = symbol_short!(""REQ_NXT"");","C:\Users\EMMA\Desktop\uzima\contracts\healthcare_data_conversion\src\lib.rs"
"140","const NEXT_VALIDATION_ID: Symbol = symbol_short!(""VAL_NXT"");","C:\Users\EMMA\Desktop\uzima\contracts\healthcare_data_conversion\src\lib.rs"
"623","            .publish((symbol_short!(""dispute""),), dispute_id);","C:\Users\EMMA\Desktop\uzima\contracts\healthcare_oracle_network\src\lib.rs"
"691","            .publish((symbol_short!(""resolve""), dispute_id), valid_dispute);","C:\Users\EMMA\Desktop\uzima\contracts\healthcare_oracle_network\src\lib.rs"
"845","            .publish((symbol_short!(""consens""), round_id), confidence_bps);","C:\Users\EMMA\Desktop\uzima\contracts\healthcare_oracle_network\src\lib.rs"
"207","            .publish((symbol_short!(""CLAIM_SUB""),), (claim_id, provider, amount));","C:\Users\EMMA\Desktop\uzima\contracts\healthcare_payment\src\lib.rs"
"232","            .publish((symbol_short!(""CLAIM_VER""),), (claim_id, verifier));","C:\Users\EMMA\Desktop\uzima\contracts\healthcare_payment\src\lib.rs"
"265","            .publish((symbol_short!(""CLAIM_APP""),), (claim_id, approver));","C:\Users\EMMA\Desktop\uzima\contracts\healthcare_payment\src\lib.rs"
"291","            .publish((symbol_short!(""CLAIM_REJ""),), (claim_id, rejector, reason));","C:\Users\EMMA\Desktop\uzima\contracts\healthcare_payment\src\lib.rs"
"341","            (symbol_short!(""CLAIM_PD""),),","C:\Users\EMMA\Desktop\uzima\contracts\healthcare_payment\src\lib.rs"
"490","            .publish((symbol_short!(""FRAUD""),), (claim_id, reporter, reason));","C:\Users\EMMA\Desktop\uzima\contracts\healthcare_payment\src\lib.rs"
"123","const ADMIN: Symbol = symbol_short!(""ADMIN"");","C:\Users\EMMA\Desktop\uzima\contracts\homomorphic_registry\src\lib.rs"
"169","            .publish((symbol_short!(""he""), symbol_short!(""init"")), admin);","C:\Users\EMMA\Desktop\uzima\contracts\homomorphic_registry\src\lib.rs"
"231","            (symbol_short!(""he""), symbol_short!(""key"")),","C:\Users\EMMA\Desktop\uzima\contracts\homomorphic_registry\src\lib.rs"
"302","            .publish((symbol_short!(""he""), symbol_short!(""perf"")), context_id);","C:\Users\EMMA\Desktop\uzima\contracts\homomorphic_registry\src\lib.rs"
"469","            .publish((symbol_short!(""he""), symbol_short!(""boot"")), ciphertext_id);","C:\Users\EMMA\Desktop\uzima\contracts\homomorphic_registry\src\lib.rs"
"650","            (symbol_short!(""he""), symbol_short!(""ctx"")),","C:\Users\EMMA\Desktop\uzima\contracts\homomorphic_registry\src\lib.rs"
"675","            .publish((symbol_short!(""he""), symbol_short!(""ctx_off"")), context_id);","C:\Users\EMMA\Desktop\uzima\contracts\homomorphic_registry\src\lib.rs"
"737","            (symbol_short!(""he""), symbol_short!(""submit"")),","C:\Users\EMMA\Desktop\uzima\contracts\homomorphic_registry\src\lib.rs"
"839","            .publish((symbol_short!(""he""), symbol_short!(""ct"")), ciphertext_id);","C:\Users\EMMA\Desktop\uzima\contracts\homomorphic_registry\src\lib.rs"
"351","            .publish((symbol_short!(""Init""),), owner.clone());","C:\Users\EMMA\Desktop\uzima\contracts\identity_registry\src\lib.rs"
"1497","            .publish((symbol_short!(""IdReg""),), (subject, hash, meta));","C:\Users\EMMA\Desktop\uzima\contracts\identity_registry\src\lib.rs"
"1538","            (symbol_short!(""Attested""),),","C:\Users\EMMA\Desktop\uzima\contracts\identity_registry\src\lib.rs"
"1575","            .publish((symbol_short!(""Revoked""),), (subject, verifier, claim_hash));","C:\Users\EMMA\Desktop\uzima\contracts\identity_registry\src\lib.rs"
"422","            (symbol_short!(""consent""), symbol_short!(""issued"")),","C:\Users\EMMA\Desktop\uzima\contracts\medical_consent_nft\src\lib.rs"
"490","            (symbol_short!(""consent""), symbol_short!(""updated"")),","C:\Users\EMMA\Desktop\uzima\contracts\medical_consent_nft\src\lib.rs"
"572","            (symbol_short!(""consent""), symbol_short!(""revoked"")),","C:\Users\EMMA\Desktop\uzima\contracts\medical_consent_nft\src\lib.rs"
"644","            (symbol_short!(""consent""), symbol_short!(""transfer"")),","C:\Users\EMMA\Desktop\uzima\contracts\medical_consent_nft\src\lib.rs"
"781","            (symbol_short!(""consent""), symbol_short!(""perm_upd"")),","C:\Users\EMMA\Desktop\uzima\contracts\medical_consent_nft\src\lib.rs"
"1082","            (symbol_short!(""consent""), symbol_short!(""delegated"")),","C:\Users\EMMA\Desktop\uzima\contracts\medical_consent_nft\src\lib.rs"
"1346","            (symbol_short!(""consent""), symbol_short!(""emerg_ovr"")),","C:\Users\EMMA\Desktop\uzima\contracts\medical_consent_nft\src\lib.rs"
"1451","            (symbol_short!(""consent""), symbol_short!(""mkt_list"")),","C:\Users\EMMA\Desktop\uzima\contracts\medical_consent_nft\src\lib.rs"
"1515","            (symbol_short!(""consent""), symbol_short!(""mkt_purch"")),","C:\Users\EMMA\Desktop\uzima\contracts\medical_consent_nft\src\lib.rs"
"1594","            (symbol_short!(""consent""), symbol_short!(""upd_dyn"")),","C:\Users\EMMA\Desktop\uzima\contracts\medical_consent_nft\src\lib.rs"
"20","const ADMIN: Symbol = symbol_short!(""ADMIN"");","C:\Users\EMMA\Desktop\uzima\contracts\medical_imaging\src\lib.rs"
"21","const PAUSED: Symbol = symbol_short!(""PAUSED"");","C:\Users\EMMA\Desktop\uzima\contracts\medical_imaging\src\lib.rs"
"22","const NEXT_IMG: Symbol = symbol_short!(""NIMG"");","C:\Users\EMMA\Desktop\uzima\contracts\medical_imaging\src\lib.rs"
"23","const NEXT_ANN: Symbol = symbol_short!(""NANN"");","C:\Users\EMMA\Desktop\uzima\contracts\medical_imaging\src\lib.rs"
"24","const NEXT_DGN: Symbol = symbol_short!(""NDIAG"");","C:\Users\EMMA\Desktop\uzima\contracts\medical_imaging\src\lib.rs"
"25","const NEXT_DSE: Symbol = symbol_short!(""NDOSE"");","C:\Users\EMMA\Desktop\uzima\contracts\medical_imaging\src\lib.rs"
"26","const SAFE_DSE: Symbol = symbol_short!(""SAFE_DSE"");","C:\Users\EMMA\Desktop\uzima\contracts\medical_imaging\src\lib.rs"
"396","            .publish((symbol_short!(""IMG_UPLD""),), (id, caller));","C:\Users\EMMA\Desktop\uzima\contracts\medical_imaging\src\lib.rs"
"426","            .publish((symbol_short!(""IMG_META""),), (image_id, caller));","C:\Users\EMMA\Desktop\uzima\contracts\medical_imaging\src\lib.rs"
"489","            .publish((symbol_short!(""IMG_EDGE""),), (image_id, caller));","C:\Users\EMMA\Desktop\uzima\contracts\medical_imaging\src\lib.rs"
"540","            .publish((symbol_short!(""IMG_SEGM""),), (image_id, caller));","C:\Users\EMMA\Desktop\uzima\contracts\medical_imaging\src\lib.rs"
"571","        env.events().publish((symbol_short!(""IMG_MDL""),), caller);","C:\Users\EMMA\Desktop\uzima\contracts\medical_imaging\src\lib.rs"
"615","            .publish((symbol_short!(""IMG_AIDI""),), (image_id, diagnosis_id));","C:\Users\EMMA\Desktop\uzima\contracts\medical_imaging\src\lib.rs"
"662","            .publish((symbol_short!(""IMG_SHAR""),), (image_id, grantee));","C:\Users\EMMA\Desktop\uzima\contracts\medical_imaging\src\lib.rs"
"694","            .publish((symbol_short!(""IMG_RVOK""),), (image_id, grantee));","C:\Users\EMMA\Desktop\uzima\contracts\medical_imaging\src\lib.rs"
"740","                .publish((symbol_short!(""IMG_TMPR""),), (image_id, caller));","C:\Users\EMMA\Desktop\uzima\contracts\medical_imaging\src\lib.rs"
"785","            .publish((symbol_short!(""IMG_ANN""),), (image_id, annotation_id));","C:\Users\EMMA\Desktop\uzima\contracts\medical_imaging\src\lib.rs"
"837","            .publish((symbol_short!(""ANN_RSLV""),), annotation_id);","C:\Users\EMMA\Desktop\uzima\contracts\medical_imaging\src\lib.rs"
"864","            .publish((symbol_short!(""IMG_LINK""),), (image_id, medical_record_id));","C:\Users\EMMA\Desktop\uzima\contracts\medical_imaging\src\lib.rs"
"929","            .publish((symbol_short!(""IMG_DOSE""),), (patient, dose_id));","C:\Users\EMMA\Desktop\uzima\contracts\medical_imaging\src\lib.rs"
"75","        Error::ContractPaused => symbol_short!(""RE_TRY_L""),","C:\Users\EMMA\Desktop\uzima\contracts\medical_records\src\errors.rs"
"76","        Error::NotAuthorized => symbol_short!(""CHK_AUTH""),","C:\Users\EMMA\Desktop\uzima\contracts\medical_records\src\errors.rs"
"77","        Error::EmptyDiagnosis | Error::EmptyTreatment => symbol_short!(""FILL_FLD""),","C:\Users\EMMA\Desktop\uzima\contracts\medical_records\src\errors.rs"
"78","        Error::EmergencyAccessExpired => symbol_short!(""NEW_EMER""),","C:\Users\EMMA\Desktop\uzima\contracts\medical_records\src\errors.rs"
"79","        Error::InvalidCategory => symbol_short!(""FIX_CAT""),","C:\Users\EMMA\Desktop\uzima\contracts\medical_records\src\errors.rs"
"80","        Error::InvalidBatch => symbol_short!(""CHK_DATA""),","C:\Users\EMMA\Desktop\uzima\contracts\medical_records\src\errors.rs"
"81","        _ => symbol_short!(""CONTACT""),","C:\Users\EMMA\Desktop\uzima\contracts\medical_records\src\errors.rs"
"222","        .publish((""EVENT"", symbol_short!(""USER_ADD"")), event);","C:\Users\EMMA\Desktop\uzima\contracts\medical_records\src\events.rs"
"251","        .publish((""EVENT"", symbol_short!(""ROLE_UPD"")), event);","C:\Users\EMMA\Desktop\uzima\contracts\medical_records\src\events.rs"
"274","        .publish((""EVENT"", symbol_short!(""USR_DEACT"")), event);","C:\Users\EMMA\Desktop\uzima\contracts\medical_records\src\events.rs"
"307","        .publish((""EVENT"", symbol_short!(""REC_NEW"")), event);","C:\Users\EMMA\Desktop\uzima\contracts\medical_records\src\events.rs"
"332","        .publish((""EVENT"", symbol_short!(""REC_ACC"")), event);","C:\Users\EMMA\Desktop\uzima\contracts\medical_records\src\events.rs"
"364","        .publish((""EVENT"", symbol_short!(""ACC_REQ"")), event);","C:\Users\EMMA\Desktop\uzima\contracts\medical_records\src\events.rs"
"397","        .publish((""EVENT"", symbol_short!(""ACC_GRANT"")), event);","C:\Users\EMMA\Desktop\uzima\contracts\medical_records\src\events.rs"
"428","        .publish((""EVENT"", symbol_short!(""EM_GRANT"")), event);","C:\Users\EMMA\Desktop\uzima\contracts\medical_records\src\events.rs"
"450","        .publish((""EVENT"", symbol_short!(""PAUSED"")), event);","C:\Users\EMMA\Desktop\uzima\contracts\medical_records\src\events.rs"
"472","        .publish((""EVENT"", symbol_short!(""UNPAUSED"")), event);","C:\Users\EMMA\Desktop\uzima\contracts\medical_records\src\events.rs"
"504","        .publish((""EVENT"", symbol_short!(""REC_PROP"")), event);","C:\Users\EMMA\Desktop\uzima\contracts\medical_records\src\events.rs"
"534","        .publish((""EVENT"", symbol_short!(""REC_APPR"")), event);","C:\Users\EMMA\Desktop\uzima\contracts\medical_records\src\events.rs"
"566","        .publish((""EVENT"", symbol_short!(""REC_EXEC"")), event);","C:\Users\EMMA\Desktop\uzima\contracts\medical_records\src\events.rs"
"591","        .publish((""EVENT"", symbol_short!(""AI_CFG"")), event);","C:\Users\EMMA\Desktop\uzima\contracts\medical_records\src\events.rs"
"624","        .publish((""EVENT"", symbol_short!(""ANOMALY"")), event);","C:\Users\EMMA\Desktop\uzima\contracts\medical_records\src\events.rs"
"656","        .publish((""EVENT"", symbol_short!(""RISK_SCR"")), event);","C:\Users\EMMA\Desktop\uzima\contracts\medical_records\src\events.rs"
"681","        .publish((""EVENT"", symbol_short!(""AI_TRIG"")), event);","C:\Users\EMMA\Desktop\uzima\contracts\medical_records\src\events.rs"
"724","        .publish((""EVENT"", symbol_short!(""PERM_GRNT"")), event);","C:\Users\EMMA\Desktop\uzima\contracts\medical_records\src\events.rs"
"748","        .publish((""EVENT"", symbol_short!(""PERM_REV"")), event);","C:\Users\EMMA\Desktop\uzima\contracts\medical_records\src\events.rs"
"780","        .publish((""EVENT"", symbol_short!(""META_UPD"")), event);","C:\Users\EMMA\Desktop\uzima\contracts\medical_records\src\events.rs"
"813","        (""EVENT"", symbol_short!(""DQ_VALID"")),","C:\Users\EMMA\Desktop\uzima\contracts\medical_records\src\events.rs"
"647","            LogLevel::Info => symbol_short!(""LOG_INFO""),","C:\Users\EMMA\Desktop\uzima\contracts\medical_records\src\lib.rs"
"648","            LogLevel::Warning => symbol_short!(""LOG_WARN""),","C:\Users\EMMA\Desktop\uzima\contracts\medical_records\src\lib.rs"
"649","            LogLevel::ErrorLevel => symbol_short!(""LOG_ERROR""),","C:\Users\EMMA\Desktop\uzima\contracts\medical_records\src\lib.rs"
"4344","            .publish((Symbol::new(env, ""EVENT""), symbol_short!(""ZK_AUD"")), event);","C:\Users\EMMA\Desktop\uzima\contracts\medical_records\src\lib.rs"
"4582","                &symbol_short!(""log_event""),","C:\Users\EMMA\Desktop\uzima\contracts\medical_records\src\lib.rs"
"64","            sym == symbol_short!(""REC_NEW"")","C:\Users\EMMA\Desktop\uzima\contracts\medical_records\src\test.rs"
"86","            sym == symbol_short!(""REC_ACC"")","C:\Users\EMMA\Desktop\uzima\contracts\medical_records\src\test.rs"
"59","    let log_opt = find_structured_log(&env, symbol_short!(""LOG_INFO""), ""manage_user"");","C:\Users\EMMA\Desktop\uzima\contracts\medical_records\tests\logging_tests.rs"
"89","    let create_log_opt = find_structured_log(&env, symbol_short!(""LOG_INFO""), ""add_record"");","C:\Users\EMMA\Desktop\uzima\contracts\medical_records\tests\logging_tests.rs"
"104","    let access_log_opt = find_structured_log(&env, symbol_short!(""LOG_INFO""), ""get_record"");","C:\Users\EMMA\Desktop\uzima\contracts\medical_records\tests\logging_tests.rs"
"128","    let warning_log_opt = find_structured_log(&env, symbol_short!(""LOG_WARN""), ""deactivate_user"");","C:\Users\EMMA\Desktop\uzima\contracts\medical_records\tests\logging_tests.rs"
"153","    let error_log_opt = find_structured_log(&env, symbol_short!(""LOG_ERROR""), ""add_record"");","C:\Users\EMMA\Desktop\uzima\contracts\medical_records\tests\logging_tests.rs"
"177","    let pause_log_opt = find_structured_log(&env, symbol_short!(""LOG_INFO""), ""pause"");","C:\Users\EMMA\Desktop\uzima\contracts\medical_records\tests\logging_tests.rs"
"189","    let unpause_log_opt = find_structured_log(&env, symbol_short!(""LOG_INFO""), ""unpause"");","C:\Users\EMMA\Desktop\uzima\contracts\medical_records\tests\logging_tests.rs"
"620","        if Symbol::try_from_val(&env, &topic) == Ok(symbol_short!(""ZK_AUD"")) {","C:\Users\EMMA\Desktop\uzima\contracts\medical_records\tests\zk_access_tests.rs"
"17","const ADMIN: Symbol = symbol_short!(""ADMIN"");","C:\Users\EMMA\Desktop\uzima\contracts\medical_record_backup\src\lib.rs"
"18","const PAUSED: Symbol = symbol_short!(""PAUSED"");","C:\Users\EMMA\Desktop\uzima\contracts\medical_record_backup\src\lib.rs"
"19","const NEXT_TGT: Symbol = symbol_short!(""NEXT_TGT"");","C:\Users\EMMA\Desktop\uzima\contracts\medical_record_backup\src\lib.rs"
"20","const NEXT_BKP: Symbol = symbol_short!(""NEXT_BKP"");","C:\Users\EMMA\Desktop\uzima\contracts\medical_record_backup\src\lib.rs"
"21","const NEXT_EXE: Symbol = symbol_short!(""NEXT_EXE"");","C:\Users\EMMA\Desktop\uzima\contracts\medical_record_backup\src\lib.rs"
"22","const NEXT_ALT: Symbol = symbol_short!(""NEXT_ALT"");","C:\Users\EMMA\Desktop\uzima\contracts\medical_record_backup\src\lib.rs"
"23","const NEXT_TST: Symbol = symbol_short!(""NEXT_TST"");","C:\Users\EMMA\Desktop\uzima\contracts\medical_record_backup\src\lib.rs"
"24","const NEXT_RST: Symbol = symbol_short!(""NEXT_RST"");","C:\Users\EMMA\Desktop\uzima\contracts\medical_record_backup\src\lib.rs"
"25","const LAST_RUN: Symbol = symbol_short!(""LAST_RUN"");","C:\Users\EMMA\Desktop\uzima\contracts\medical_record_backup\src\lib.rs"
"26","const NEXT_RUN: Symbol = symbol_short!(""NEXT_RUN"");","C:\Users\EMMA\Desktop\uzima\contracts\medical_record_backup\src\lib.rs"
"345","            .publish((symbol_short!(""BKP_INIT""),), admin.clone());","C:\Users\EMMA\Desktop\uzima\contracts\medical_record_backup\src\lib.rs"
"369","            .publish((symbol_short!(""BKP_ROLE""),), (user, allowed));","C:\Users\EMMA\Desktop\uzima\contracts\medical_record_backup\src\lib.rs"
"388","        env.events().publish((symbol_short!(""BKP_POL""),), caller);","C:\Users\EMMA\Desktop\uzima\contracts\medical_record_backup\src\lib.rs"
"441","            .publish((symbol_short!(""BKP_TGT""),), (target_id,));","C:\Users\EMMA\Desktop\uzima\contracts\medical_record_backup\src\lib.rs"
"611","            .publish((symbol_short!(""BKP_RREQ""),), (request_id, artifact_id));","C:\Users\EMMA\Desktop\uzima\contracts\medical_record_backup\src\lib.rs"
"638","            .publish((symbol_short!(""BKP_RAPP""),), (request_id, caller));","C:\Users\EMMA\Desktop\uzima\contracts\medical_record_backup\src\lib.rs"
"673","            (symbol_short!(""BKP_REST""),),","C:\Users\EMMA\Desktop\uzima\contracts\medical_record_backup\src\lib.rs"
"726","            .publish((symbol_short!(""BKP_TEST""),), (test_id, passed));","C:\Users\EMMA\Desktop\uzima\contracts\medical_record_backup\src\lib.rs"
"736","            .publish((symbol_short!(""BKP_CLEAN""),), report.clone());","C:\Users\EMMA\Desktop\uzima\contracts\medical_record_backup\src\lib.rs"
"985","            (symbol_short!(""BKP_RUN""),),","C:\Users\EMMA\Desktop\uzima\contracts\medical_record_backup\src\lib.rs"
"1187","            .publish((symbol_short!(""BKP_ALT""),), (alert_id, kind, severity));","C:\Users\EMMA\Desktop\uzima\contracts\medical_record_backup\src\lib.rs"
"19","const ADMIN: Symbol = symbol_short!(""ADMIN"");","C:\Users\EMMA\Desktop\uzima\contracts\medical_record_search\src\lib.rs"
"20","const PAUSED: Symbol = symbol_short!(""PAUSED"");","C:\Users\EMMA\Desktop\uzima\contracts\medical_record_search\src\lib.rs"
"21","const QUERY_ID: Symbol = symbol_short!(""QUERY_ID"");","C:\Users\EMMA\Desktop\uzima\contracts\medical_record_search\src\lib.rs"
"297","            .publish((symbol_short!(""SRCH_IDX""),), (input.record_id, caller));","C:\Users\EMMA\Desktop\uzima\contracts\medical_record_search\src\lib.rs"
"741","            (symbol_short!(""SRCH_AUD""),),","C:\Users\EMMA\Desktop\uzima\contracts\medical_record_search\src\lib.rs"
"38","        if env.storage().instance().has(&symbol_short!(""init"")) {","C:\Users\EMMA\Desktop\uzima\contracts\mental_health_platform\src\lib.rs"
"42","        env.storage().instance().set(&symbol_short!(""init""), &true);","C:\Users\EMMA\Desktop\uzima\contracts\mental_health_platform\src\lib.rs"
"80","        env.events().publish((symbol_short!(""init""),), (admin,));","C:\Users\EMMA\Desktop\uzima\contracts\mental_health_platform\src\lib.rs"
"646","        if !env.storage().instance().has(&symbol_short!(""init"")) {","C:\Users\EMMA\Desktop\uzima\contracts\mental_health_platform\src\lib.rs"
"77","            .set(&symbol_short!(""FORWARDER""), &forwarder);","C:\Users\EMMA\Desktop\uzima\contracts\meta_tx_forwarder\src\erc2771_context.rs"
"82","        env.storage().instance().get(&symbol_short!(""FORWARDER""))","C:\Users\EMMA\Desktop\uzima\contracts\meta_tx_forwarder\src\erc2771_context.rs"
"130","            (symbol_short!(""init""),),","C:\Users\EMMA\Desktop\uzima\contracts\meta_tx_forwarder\src\lib.rs"
"178","            (symbol_short!(""fwd""),),","C:\Users\EMMA\Desktop\uzima\contracts\meta_tx_forwarder\src\lib.rs"
"270","            (symbol_short!(""reg_relay""),),","C:\Users\EMMA\Desktop\uzima\contracts\meta_tx_forwarder\src\lib.rs"
"315","            .publish((symbol_short!(""deact_rel""),), relayer.clone());","C:\Users\EMMA\Desktop\uzima\contracts\meta_tx_forwarder\src\lib.rs"
"140","const ADMIN: Symbol = symbol_short!(""ADMIN"");","C:\Users\EMMA\Desktop\uzima\contracts\mpc_manager\src\lib.rs"
"185","            .publish((symbol_short!(""mpc""), symbol_short!(""init"")), admin);","C:\Users\EMMA\Desktop\uzima\contracts\mpc_manager\src\lib.rs"
"247","            (symbol_short!(""mpc""), symbol_short!(""start"")),","C:\Users\EMMA\Desktop\uzima\contracts\mpc_manager\src\lib.rs"
"294","            (symbol_short!(""mpc""), symbol_short!(""commit"")),","C:\Users\EMMA\Desktop\uzima\contracts\mpc_manager\src\lib.rs"
"344","            (symbol_short!(""mpc""), symbol_short!(""reveal"")),","C:\Users\EMMA\Desktop\uzima\contracts\mpc_manager\src\lib.rs"
"403","            (symbol_short!(""mpc""), symbol_short!(""final"")),","C:\Users\EMMA\Desktop\uzima\contracts\mpc_manager\src\lib.rs"
"560","            (symbol_short!(""mpc""), symbol_short!(""proof"")),","C:\Users\EMMA\Desktop\uzima\contracts\mpc_manager\src\lib.rs"
"611","            (symbol_short!(""mpc""), symbol_short!(""stats"")),","C:\Users\EMMA\Desktop\uzima\contracts\mpc_manager\src\lib.rs"
"668","            (symbol_short!(""mpc""), symbol_short!(""ml"")),","C:\Users\EMMA\Desktop\uzima\contracts\mpc_manager\src\lib.rs"
"46","        Error::NotAuthorized | Error::SenderNotAuthorized => symbol_short!(""CHK_AUTH""),","C:\Users\EMMA\Desktop\uzima\contracts\notification_system\src\errors.rs"
"47","        Error::RateLimitExceeded => symbol_short!(""RE_TRY_L""),","C:\Users\EMMA\Desktop\uzima\contracts\notification_system\src\errors.rs"
"49","            symbol_short!(""SHORTEN"")","C:\Users\EMMA\Desktop\uzima\contracts\notification_system\src\errors.rs"
"52","            symbol_short!(""CHK_ID"")","C:\Users\EMMA\Desktop\uzima\contracts\notification_system\src\errors.rs"
"57","        | Error::MaxTemplatesReached => symbol_short!(""CLN_OLD""),","C:\Users\EMMA\Desktop\uzima\contracts\notification_system\src\errors.rs"
"58","        Error::BatchTooLarge | Error::TooManyEnabledTypes => symbol_short!(""REDUCE""),","C:\Users\EMMA\Desktop\uzima\contracts\notification_system\src\errors.rs"
"59","        _ => symbol_short!(""CONTACT""),","C:\Users\EMMA\Desktop\uzima\contracts\notification_system\src\errors.rs"
"5","// External indexers subscribe via topic pattern (""NOTIF"", symbol_short!(""?"")).","C:\Users\EMMA\Desktop\uzima\contracts\notification_system\src\events.rs"
"94","        (""NOTIF"", symbol_short!(""NOTIF_NEW"")),","C:\Users\EMMA\Desktop\uzima\contracts\notification_system\src\events.rs"
"109","        (""NOTIF"", symbol_short!(""NOTIF_RD"")),","C:\Users\EMMA\Desktop\uzima\contracts\notification_system\src\events.rs"
"120","        (""NOTIF"", symbol_short!(""NOTIF_ARC"")),","C:\Users\EMMA\Desktop\uzima\contracts\notification_system\src\events.rs"
"137","        (""NOTIF"", symbol_short!(""ALRT_NEW"")),","C:\Users\EMMA\Desktop\uzima\contracts\notification_system\src\events.rs"
"158","        (""NOTIF"", symbol_short!(""ALRT_UPD"")),","C:\Users\EMMA\Desktop\uzima\contracts\notification_system\src\events.rs"
"172","        (""NOTIF"", symbol_short!(""ALRT_DEL"")),","C:\Users\EMMA\Desktop\uzima\contracts\notification_system\src\events.rs"
"192","        (""NOTIF"", symbol_short!(""ALRT_TRG"")),","C:\Users\EMMA\Desktop\uzima\contracts\notification_system\src\events.rs"
"205","        (""NOTIF"", symbol_short!(""PREF_UPD"")),","C:\Users\EMMA\Desktop\uzima\contracts\notification_system\src\events.rs"
"217","        (""NOTIF"", symbol_short!(""SNDR_ADD"")),","C:\Users\EMMA\Desktop\uzima\contracts\notification_system\src\events.rs"
"229","        (""NOTIF"", symbol_short!(""SNDR_RMV"")),","C:\Users\EMMA\Desktop\uzima\contracts\notification_system\src\events.rs"
"241","        (""NOTIF"", symbol_short!(""TMPL_SET"")),","C:\Users\EMMA\Desktop\uzima\contracts\notification_system\src\events.rs"
"22","const FEE_CONF: Symbol = symbol_short!(""feeconf"");","C:\Users\EMMA\Desktop\uzima\contracts\payment_router\src\lib.rs"
"58","            .publish((symbol_short!(""FeeSplit""),), (provider, fee));","C:\Users\EMMA\Desktop\uzima\contracts\payment_router\src\lib.rs"
"69","const PREDICTION_COUNTER: Symbol = symbol_short!(""PRED_CT"");","C:\Users\EMMA\Desktop\uzima\contracts\predictive_analytics\src\lib.rs"
"192","        env.events().publish((symbol_short!(""CfgUpdate""),), true);","C:\Users\EMMA\Desktop\uzima\contracts\predictive_analytics\src\lib.rs"
"290","            (symbol_short!(""PredMade""),),","C:\Users\EMMA\Desktop\uzima\contracts\predictive_analytics\src\lib.rs"
"342","            .publish((symbol_short!(""MdlMetric""),), model_id);","C:\Users\EMMA\Desktop\uzima\contracts\predictive_analytics\src\lib.rs"
"372","            .publish((symbol_short!(""PredictWL""),), predictor_addr);","C:\Users\EMMA\Desktop\uzima\contracts\predictive_analytics\src\lib.rs"
"12","const ADMIN: Symbol = symbol_short!(""admin"");","C:\Users\EMMA\Desktop\uzima\contracts\reputation\src\lib.rs"
"13","const SCORES: Symbol = symbol_short!(""scores"");","C:\Users\EMMA\Desktop\uzima\contracts\reputation\src\lib.rs"
"34","const CFG: Symbol = symbol_short!(""cfg"");","C:\Users\EMMA\Desktop\uzima\contracts\timelock\src\lib.rs"
"35","const QUEUE: Symbol = symbol_short!(""queue"");","C:\Users\EMMA\Desktop\uzima\contracts\timelock\src\lib.rs"
"76","        env.events().publish((symbol_short!(""Queued""), id), (eta,));","C:\Users\EMMA\Desktop\uzima\contracts\timelock\src\lib.rs"
"96","            .publish((symbol_short!(""Exec""), id), (tx.target, tx.call));","C:\Users\EMMA\Desktop\uzima\contracts\timelock\src\lib.rs"
"178","        env.events().publish((symbol_short!(""INIT""),), admin);","C:\Users\EMMA\Desktop\uzima\contracts\treasury_controller\src\lib.rs"
"202","                .publish((symbol_short!(""TOKEN_ADD""),), token_address);","C:\Users\EMMA\Desktop\uzima\contracts\treasury_controller\src\lib.rs"
"291","            (symbol_short!(""PROPOSAL""),),","C:\Users\EMMA\Desktop\uzima\contracts\treasury_controller\src\lib.rs"
"355","            (symbol_short!(""APPROVED""),),","C:\Users\EMMA\Desktop\uzima\contracts\treasury_controller\src\lib.rs"
"446","            (symbol_short!(""EXECUTED""),),","C:\Users\EMMA\Desktop\uzima\contracts\treasury_controller\src\lib.rs"
"475","        env.events().publish((symbol_short!(""EMERGENCY""),), caller);","C:\Users\EMMA\Desktop\uzima\contracts\treasury_controller\src\lib.rs"
"499","        env.events().publish((symbol_short!(""RESUMED""),), caller);","C:\Users\EMMA\Desktop\uzima\contracts\treasury_controller\src\lib.rs"
"638","            .publish((symbol_short!(""GOV_EXEC""),), (to, amount));","C:\Users\EMMA\Desktop\uzima\contracts\treasury_controller\src\lib.rs"
"34","    pub const VERSION: Symbol = symbol_short!(""VERSION"");","C:\Users\EMMA\Desktop\uzima\contracts\upgradeability\src\lib.rs"
"35","    pub const ADMIN: Symbol = symbol_short!(""UP_ADMIN"");","C:\Users\EMMA\Desktop\uzima\contracts\upgradeability\src\lib.rs"
"36","    pub const HISTORY: Symbol = symbol_short!(""HISTORY"");","C:\Users\EMMA\Desktop\uzima\contracts\upgradeability\src\lib.rs"
"37","    pub const IS_FROZEN: Symbol = symbol_short!(""FROZEN"");","C:\Users\EMMA\Desktop\uzima\contracts\upgradeability\src\lib.rs"
"43","const PROPOSALS: Symbol = symbol_short!(""PROPS"");","C:\Users\EMMA\Desktop\uzima\contracts\upgrade_manager\src\lib.rs"
"44","const CONFIG: Symbol = symbol_short!(""CONFIG"");","C:\Users\EMMA\Desktop\uzima\contracts\upgrade_manager\src\lib.rs"
"134","            .publish((symbol_short!(""proposed""), id), proposer);","C:\Users\EMMA\Desktop\uzima\contracts\upgrade_manager\src\lib.rs"
"211","            .publish((symbol_short!(""executed""), proposal_id), ());","C:\Users\EMMA\Desktop\uzima\contracts\upgrade_manager\src\lib.rs"
"251","            .publish((symbol_short!(""emergency""), proposal_id), ());","C:\Users\EMMA\Desktop\uzima\contracts\upgrade_manager\src\lib.rs"
"36","        &symbol_short!(""V2""),","C:\Users\EMMA\Desktop\uzima\contracts\upgrade_manager\src\test.rs"
"213","const ADMIN: Symbol = symbol_short!(""ADMIN"");","C:\Users\EMMA\Desktop\uzima\contracts\zkp_registry\src\lib.rs"
"259","            .publish((symbol_short!(""zkp""), symbol_short!(""init"")), admin);","C:\Users\EMMA\Desktop\uzima\contracts\zkp_registry\src\lib.rs"
"304","            (symbol_short!(""zkp""), symbol_short!(""circ_reg"")),","C:\Users\EMMA\Desktop\uzima\contracts\zkp_registry\src\lib.rs"
"386","            (symbol_short!(""zkp""), symbol_short!(""proof_sub"")),","C:\Users\EMMA\Desktop\uzima\contracts\zkp_registry\src\lib.rs"
"434","            (symbol_short!(""zkp""), symbol_short!(""med_proof"")),","C:\Users\EMMA\Desktop\uzima\contracts\zkp_registry\src\lib.rs"
"493","            (symbol_short!(""zkp""), symbol_short!(""rng_proof"")),","C:\Users\EMMA\Desktop\uzima\contracts\zkp_registry\src\lib.rs"
"543","            (symbol_short!(""zkp""), symbol_short!(""cred_prf"")),","C:\Users\EMMA\Desktop\uzima\contracts\zkp_registry\src\lib.rs"
"611","            (symbol_short!(""zkp""), symbol_short!(""rec_proof"")),","C:\Users\EMMA\Desktop\uzima\contracts\zkp_registry\src\lib.rs"
"87","            .publish((symbol_short!(""ZKVER""), symbol_short!(""INIT"")), admin);","C:\Users\EMMA\Desktop\uzima\contracts\zk_verifier\src\lib.rs"
"101","            .publish((symbol_short!(""ZKVER""), symbol_short!(""TTL"")), ttl);","C:\Users\EMMA\Desktop\uzima\contracts\zk_verifier\src\lib.rs"
"148","            (symbol_short!(""ZKVER""), symbol_short!(""VKREG"")),","C:\Users\EMMA\Desktop\uzima\contracts\zk_verifier\src\lib.rs"
"177","            .publish((symbol_short!(""ZKVER""), symbol_short!(""VKOFF"")), version);","C:\Users\EMMA\Desktop\uzima\contracts\zk_verifier\src\lib.rs"
"238","            (symbol_short!(""ZKVER""), symbol_short!(""ATTEST"")),","C:\Users\EMMA\Desktop\uzima\contracts\zk_verifier\src\lib.rs"
